id,filename,relative_path,raw_timestamp,timestamp,depth,gain,frequency,bpp,image_width,image_height,micropixel,test_name,test_id,mask_status,mask_path
0000,0000_1753176200174_T_1.png,data\phantom_taobao\images\0000_1753176200174_T_1.png,670211299690,1753176200174,4,50,8/10.0,4,528,557,72.34590065828846,phantom_taobao,1,negative,data\phantom_taobao\masks\0000_1753176200174_T_1_mask.png
0001,0001_1753176203081_T_1.png,data\phantom_taobao\images\0001_1753176203081_T_1.png,672928345260,1753176203081,4,50,8/10.0,4,528,557,72.34590065828846,phantom_taobao,1,negative,data\phantom_taobao\masks\0001_1753176203081_T_1_mask.png
0002,0002_1753176205250_T_1.png,data\phantom_taobao\images\0002_1753176205250_T_1.png,675190125160,1753176205250,4,50,8/10.0,4,528,557,72.34590065828846,phantom_taobao,1,negative,data\phantom_taobao\masks\0002_1753176205250_T_1_mask.png
0003,0003_1753176220083_T_1.png,data\phantom_taobao\images\0003_1753176220083_T_1.png,690141683640,1753176220083,4,50,8/10.0,4,528,557,72.34590065828846,phantom_taobao,1,positive,data\phantom_taobao\masks\0003_1753176220083_T_1_mask.png
0004,0004_1753176228033_T_1.png,data\phantom_taobao\images\0004_1753176228033_T_1.png,698067147610,1753176228033,4,50,8/10.0,4,528,557,72.34590065828846,phantom_taobao,1,positive,data\phantom_taobao\masks\0004_1753176228033_T_1_mask.png
0005,0005_1753176231161_T_1.png,data\phantom_taobao\images\0005_1753176231161_T_1.png,701214533900,1753176231161,4,50,8/10.0,4,528,557,72.34590065828846,phantom_taobao,1,positive,data\phantom_taobao\masks\0005_1753176231161_T_1_mask.png
0006,0006_1753176235203_T_1.png,data\phantom_taobao\images\0006_1753176235203_T_1.png,705283705070,1753176235203,4,50,8/10.0,4,528,557,72.34590065828846,phantom_taobao,1,positive,data\phantom_taobao\masks\0006_1753176235203_T_1_mask.png
0007,0007_1753176238032_T_1.png,data\phantom_taobao\images\0007_1753176238032_T_1.png,708104711980,1753176238032,4,50,8/10.0,4,528,557,72.34590065828846,phantom_taobao,1,positive,data\phantom_taobao\masks\0007_1753176238032_T_1_mask.png
0008,0008_1753176240248_T_1.png,data\phantom_taobao\images\0008_1753176240248_T_1.png,710329729710,1753176240248,4,50,8/10.0,4,528,557,72.34590065828846,phantom_taobao,1,positive,data\phantom_taobao\masks\0008_1753176240248_T_1_mask.png
0009,0009_1753176242747_T_1.png,data\phantom_taobao\images\0009_1753176242747_T_1.png,712826035430,1753176242747,4,50,8/10.0,4,528,557,72.34590065828846,phantom_taobao,1,positive,data\phantom_taobao\masks\0009_1753176242747_T_1_mask.png
0010,0010_1753176245318_T_1.png,data\phantom_taobao\images\0010_1753176245318_T_1.png,715377771190,1753176245318,4,50,8/10.0,4,528,557,72.34590065828846,phantom_taobao,1,positive,data\phantom_taobao\masks\0010_1753176245318_T_1_mask.png
0011,0011_1753176253441_T_1.png,data\phantom_taobao\images\0011_1753176253441_T_1.png,723518559160,1753176253441,4,50,8/10.0,4,528,557,72.34590065828846,phantom_taobao,1,positive,data\phantom_taobao\masks\0011_1753176253441_T_1_mask.png
0012,0012_1753176256475_T_1.png,data\phantom_taobao\images\0012_1753176256475_T_1.png,726557688190,1753176256475,4,50,8/10.0,4,528,557,72.34590065828846,phantom_taobao,1,positive,data\phantom_taobao\masks\0012_1753176256475_T_1_mask.png
0013,0013_1753176260225_T_1.png,data\phantom_taobao\images\0013_1753176260225_T_1.png,730303534330,1753176260225,4,50,8/10.0,4,528,557,72.34590065828846,phantom_taobao,1,positive,data\phantom_taobao\masks\0013_1753176260225_T_1_mask.png
0014,0014_1753176269257_T_1.png,data\phantom_taobao\images\0014_1753176269257_T_1.png,739313456870,1753176269257,4,50,8/10.0,4,528,557,72.34590065828846,phantom_taobao,1,positive,data\phantom_taobao\masks\0014_1753176269257_T_1_mask.png
0015,0015_1753176273782_T_1.png,data\phantom_taobao\images\0015_1753176273782_T_1.png,743816926750,1753176273782,4,50,8/10.0,4,528,557,72.34590065828846,phantom_taobao,1,positive,data\phantom_taobao\masks\0015_1753176273782_T_1_mask.png
0016,0016_1753176278565_T_1.png,data\phantom_taobao\images\0016_1753176278565_T_1.png,748647320620,1753176278565,4,50,8/10.0,4,528,557,72.34590065828846,phantom_taobao,1,positive,data\phantom_taobao\masks\0016_1753176278565_T_1_mask.png
0017,0017_1753176285630_T_1.png,data\phantom_taobao\images\0017_1753176285630_T_1.png,755710479070,1753176285630,4,50,8/10.0,4,528,557,72.34590065828846,phantom_taobao,1,positive,data\phantom_taobao\masks\0017_1753176285630_T_1_mask.png
0018,0018_1753176292176_T_1.png,data\phantom_taobao\images\0018_1753176292176_T_1.png,762232180150,1753176292176,4,50,8/10.0,4,528,557,72.34590065828846,phantom_taobao,1,positive,data\phantom_taobao\masks\0018_1753176292176_T_1_mask.png
0019,0019_1753176295188_T_1.png,data\phantom_taobao\images\0019_1753176295188_T_1.png,765272847230,1753176295188,4,50,8/10.0,4,528,557,72.34590065828846,phantom_taobao,1,positive,data\phantom_taobao\masks\0019_1753176295188_T_1_mask.png
0020,0020_1753176301274_T_1.png,data\phantom_taobao\images\0020_1753176301274_T_1.png,771354265950,1753176301274,4,50,8/10.0,4,528,557,72.34590065828846,phantom_taobao,1,positive,data\phantom_taobao\masks\0020_1753176301274_T_1_mask.png
0021,0021_1753176304755_T_1.png,data\phantom_taobao\images\0021_1753176304755_T_1.png,774826544660,1753176304755,4,50,8/10.0,4,528,557,72.34590065828846,phantom_taobao,1,positive,data\phantom_taobao\masks\0021_1753176304755_T_1_mask.png
0022,0022_1753176309746_T_1.png,data\phantom_taobao\images\0022_1753176309746_T_1.png,779817503960,1753176309746,4,50,8/10.0,4,528,557,72.34590065828846,phantom_taobao,1,positive,data\phantom_taobao\masks\0022_1753176309746_T_1_mask.png
0023,0023_1753176313451_T_1.png,data\phantom_taobao\images\0023_1753176313451_T_1.png,783508875480,1753176313451,4,50,8/10.0,4,528,557,72.34590065828846,phantom_taobao,1,positive,data\phantom_taobao\masks\0023_1753176313451_T_1_mask.png
0024,0024_1753176316701_T_1.png,data\phantom_taobao\images\0024_1753176316701_T_1.png,786766367910,1753176316701,4,50,8/10.0,4,528,557,72.34590065828846,phantom_taobao,1,positive,data\phantom_taobao\masks\0024_1753176316701_T_1_mask.png
0025,0025_1753176322008_T_1.png,data\phantom_taobao\images\0025_1753176322008_T_1.png,792087498380,1753176322008,4,50,8/10.0,4,528,557,72.34590065828846,phantom_taobao,1,pass,
0026,0026_1753176325069_T_1.png,data\phantom_taobao\images\0026_1753176325069_T_1.png,795126851260,1753176325069,4,50,8/10.0,4,528,557,72.34590065828846,phantom_taobao,1,pass,
0027,0027_1753176328595_T_1.png,data\phantom_taobao\images\0027_1753176328595_T_1.png,798656277660,1753176328595,4,50,8/10.0,4,528,557,72.34590065828846,phantom_taobao,1,pass,
0028,0028_1753176335418_T_1.png,data\phantom_taobao\images\0028_1753176335418_T_1.png,805497769480,1753176335418,4,50,8/10.0,4,528,557,72.34590065828846,phantom_taobao,1,positive,data\phantom_taobao\masks\0028_1753176335418_T_1_mask.png
0029,0029_1753176338236_T_1.png,data\phantom_taobao\images\0029_1753176338236_T_1.png,808320459980,1753176338236,4,50,8/10.0,4,528,557,72.34590065828846,phantom_taobao,1,positive,data\phantom_taobao\masks\0029_1753176338236_T_1_mask.png
0030,0030_1753176348426_T_1.png,data\phantom_taobao\images\0030_1753176348426_T_1.png,818504345600,1753176348426,4,50,8/10.0,4,528,557,72.34590065828846,phantom_taobao,1,positive,data\phantom_taobao\masks\0030_1753176348426_T_1_mask.png
0031,0031_1753176351289_T_1.png,data\phantom_taobao\images\0031_1753176351289_T_1.png,821364252810,1753176351289,4,50,8/10.0,4,528,557,72.34590065828846,phantom_taobao,1,positive,data\phantom_taobao\masks\0031_1753176351289_T_1_mask.png
0032,0032_1753176364749_T_1.png,data\phantom_taobao\images\0032_1753176364749_T_1.png,834810379860,1753176364749,4,50,8/10.0,4,528,557,72.34590065828846,phantom_taobao,1,positive,data\phantom_taobao\masks\0032_1753176364749_T_1_mask.png
0033,0033_1753176369432_T_1.png,data\phantom_taobao\images\0033_1753176369432_T_1.png,839508786340,1753176369432,4,50,8/10.0,4,528,557,72.34590065828846,phantom_taobao,1,positive,data\phantom_taobao\masks\0033_1753176369432_T_1_mask.png
0034,0034_1753176371857_T_1.png,data\phantom_taobao\images\0034_1753176371857_T_1.png,841937909380,1753176371857,4,50,8/10.0,4,528,557,72.34590065828846,phantom_taobao,1,positive,data\phantom_taobao\masks\0034_1753176371857_T_1_mask.png
0035,0035_1753178525350_T_1.png,data\phantom_taobao\images\0035_1753178525350_T_1.png,223303975130,1753178525350,4,50,8/10.0,4,532,557,71.79293836026332,phantom_taobao,1,positive,data\phantom_taobao\masks\0035_1753178525350_T_1_mask.png
0036,0036_1753178534829_T_1.png,data\phantom_taobao\images\0036_1753178534829_T_1.png,232762775940,1753178534829,4,50,8/10.0,4,532,557,71.79293836026332,phantom_taobao,1,positive,data\phantom_taobao\masks\0036_1753178534829_T_1_mask.png
0037,0037_1753178612999_T_1.png,data\phantom_taobao\images\0037_1753178612999_T_1.png,310978290400,1753178612999,5,70,8/10.0,4,426,557,89.71813285457812,phantom_taobao,1,pass,
0038,0038_1753178789243_T_1.png,data\phantom_taobao\images\0038_1753178789243_T_1.png,487224544750,1753178789243,5,70,8/10.0,4,424,557,90.13285457809695,phantom_taobao,1,positive,data\phantom_taobao\masks\0038_1753178789243_T_1_mask.png
0039,0039_1753178794167_T_1.png,data\phantom_taobao\images\0039_1753178794167_T_1.png,492146144130,1753178794167,5,70,8/10.0,4,424,557,90.13285457809695,phantom_taobao,1,positive,data\phantom_taobao\masks\0039_1753178794167_T_1_mask.png
0040,0040_1753178796800_T_1.png,data\phantom_taobao\images\0040_1753178796800_T_1.png,494775074810,1753178796800,5,70,8/10.0,4,424,557,90.13285457809695,phantom_taobao,1,positive,data\phantom_taobao\masks\0040_1753178796800_T_1_mask.png
0041,0041_1753178803543_T_1.png,data\phantom_taobao\images\0041_1753178803543_T_1.png,501540427680,1753178803543,5,70,8/10.0,4,424,557,90.13285457809695,phantom_taobao,1,positive,data\phantom_taobao\masks\0041_1753178803543_T_1_mask.png
0042,0042_1753178806006_T_1.png,data\phantom_taobao\images\0042_1753178806006_T_1.png,504000898430,1753178806006,5,70,8/10.0,4,424,557,90.13285457809695,phantom_taobao,1,positive,data\phantom_taobao\masks\0042_1753178806006_T_1_mask.png
0043,0043_1753178808313_T_1.png,data\phantom_taobao\images\0043_1753178808313_T_1.png,506292790580,1753178808313,5,70,8/10.0,4,424,557,90.13285457809695,phantom_taobao,1,positive,data\phantom_taobao\masks\0043_1753178808313_T_1_mask.png
0044,0044_1753178811655_T_1.png,data\phantom_taobao\images\0044_1753178811655_T_1.png,509647926980,1753178811655,5,70,8/10.0,4,424,557,90.13285457809695,phantom_taobao,1,positive,data\phantom_taobao\masks\0044_1753178811655_T_1_mask.png
0045,0045_1753178814138_T_1.png,data\phantom_taobao\images\0045_1753178814138_T_1.png,512107941320,1753178814138,5,70,8/10.0,4,424,557,90.13285457809695,phantom_taobao,1,positive,data\phantom_taobao\masks\0045_1753178814138_T_1_mask.png
0046,0046_1753178818351_T_1.png,data\phantom_taobao\images\0046_1753178818351_T_1.png,516303605030,1753178818351,5,70,8/10.0,4,424,557,90.13285457809695,phantom_taobao,1,positive,data\phantom_taobao\masks\0046_1753178818351_T_1_mask.png
0047,0047_1753178864670_T_1.png,data\phantom_taobao\images\0047_1753178864670_T_1.png,562662040410,1753178864670,5,70,8/10.0,4,424,557,89.99461400359066,phantom_taobao,1,positive,data\phantom_taobao\masks\0047_1753178864670_T_1_mask.png
0048,0048_1753178869365_T_1.png,data\phantom_taobao\images\0048_1753178869365_T_1.png,567362216580,1753178869365,5,70,8/10.0,4,424,557,89.99461400359066,phantom_taobao,1,pass,
0049,0049_1753178872957_T_1.png,data\phantom_taobao\images\0049_1753178872957_T_1.png,570944017310,1753178872957,5,70,8/10.0,4,424,557,89.99461400359066,phantom_taobao,1,pass,
0050,0050_1753178880948_T_1.png,data\phantom_taobao\images\0050_1753178880948_T_1.png,578945313800,1753178880948,5,70,8/10.0,4,424,557,89.99461400359066,phantom_taobao,1,positive,data\phantom_taobao\masks\0050_1753178880948_T_1_mask.png
0051,0051_1753178884862_T_1.png,data\phantom_taobao\images\0051_1753178884862_T_1.png,582863083050,1753178884862,5,70,8/10.0,4,424,557,89.99461400359066,phantom_taobao,1,positive,data\phantom_taobao\masks\0051_1753178884862_T_1_mask.png
0052,0052_1753178888375_T_1.png,data\phantom_taobao\images\0052_1753178888375_T_1.png,586330952630,1753178888375,5,70,8/10.0,4,424,557,89.99461400359066,phantom_taobao,1,pass,
0053,0053_1753178896278_T_1.png,data\phantom_taobao\images\0053_1753178896278_T_1.png,594276081010,1753178896278,5,70,8/10.0,4,424,557,89.99461400359066,phantom_taobao,1,positive,data\phantom_taobao\masks\0053_1753178896278_T_1_mask.png
0054,0054_1753178899557_T_1.png,data\phantom_taobao\images\0054_1753178899557_T_1.png,597521304490,1753178899557,5,70,8/10.0,4,424,557,89.99461400359066,phantom_taobao,1,positive,data\phantom_taobao\masks\0054_1753178899557_T_1_mask.png
0055,0055_1753178913394_T_1.png,data\phantom_taobao\images\0055_1753178913394_T_1.png,611394638910,1753178913394,5,70,8/10.0,4,424,557,89.99461400359066,phantom_taobao,1,positive,data\phantom_taobao\masks\0055_1753178913394_T_1_mask.png
0056,0056_1753178916873_T_1.png,data\phantom_taobao\images\0056_1753178916873_T_1.png,614862022390,1753178916873,5,70,8/10.0,4,424,557,89.99461400359066,phantom_taobao,1,positive,data\phantom_taobao\masks\0056_1753178916873_T_1_mask.png
0057,0057_1753178940385_T_1.png,data\phantom_taobao\images\0057_1753178940385_T_1.png,638361021960,1753178940385,5,70,8/10.0,4,424,557,89.99461400359066,phantom_taobao,1,positive,data\phantom_taobao\masks\0057_1753178940385_T_1_mask.png
0058,0058_1753178944302_T_1.png,data\phantom_taobao\images\0058_1753178944302_T_1.png,642230740410,1753178944302,4,70,8/10.0,4,530,557,71.97725912627169,phantom_taobao,1,positive,data\phantom_taobao\masks\0058_1753178944302_T_1_mask.png
0059,0059_1753178946850_T_1.png,data\phantom_taobao\images\0059_1753178946850_T_1.png,644778042980,1753178946850,4,70,8/10.0,4,530,557,71.97725912627169,phantom_taobao,1,positive,data\phantom_taobao\masks\0059_1753178946850_T_1_mask.png
0060,0060_1753178949735_T_1.png,data\phantom_taobao\images\0060_1753178949735_T_1.png,647725932270,1753178949735,4,70,8/10.0,4,530,557,71.97725912627169,phantom_taobao,1,positive,data\phantom_taobao\masks\0060_1753178949735_T_1_mask.png
0061,0061_1753178960115_T_1.png,data\phantom_taobao\images\0061_1753178960115_T_1.png,658046476440,1753178960115,4,70,8/10.0,4,530,557,71.97725912627169,phantom_taobao,1,positive,data\phantom_taobao\masks\0061_1753178960115_T_1_mask.png
0062,0062_1753178977751_T_1.png,data\phantom_taobao\images\0062_1753178977751_T_1.png,675743444690,1753178977751,4,70,8/10.0,4,530,557,71.97725912627169,phantom_taobao,1,positive,data\phantom_taobao\masks\0062_1753178977751_T_1_mask.png
0063,0063_1753178980357_T_1.png,data\phantom_taobao\images\0063_1753178980357_T_1.png,678290470810,1753178980357,4,70,8/10.0,4,530,557,71.97725912627169,phantom_taobao,1,positive,data\phantom_taobao\masks\0063_1753178980357_T_1_mask.png
0064,0064_1753178983718_T_1.png,data\phantom_taobao\images\0064_1753178983718_T_1.png,681709054100,1753178983718,4,70,8/10.0,4,530,557,71.97725912627169,phantom_taobao,1,positive,data\phantom_taobao\masks\0064_1753178983718_T_1_mask.png
0065,0065_1753178986537_T_1.png,data\phantom_taobao\images\0065_1753178986537_T_1.png,684523775860,1753178986537,4,70,8/10.0,4,530,557,71.97725912627169,phantom_taobao,1,positive,data\phantom_taobao\masks\0065_1753178986537_T_1_mask.png
0066,0066_1753178989147_T_1.png,data\phantom_taobao\images\0066_1753178989147_T_1.png,687070277830,1753178989147,4,70,8/10.0,4,530,557,71.97725912627169,phantom_taobao,1,positive,data\phantom_taobao\masks\0066_1753178989147_T_1_mask.png
0067,0067_1753178991712_T_1.png,data\phantom_taobao\images\0067_1753178991712_T_1.png,689683095200,1753178991712,4,70,8/10.0,4,530,557,71.97725912627169,phantom_taobao,1,positive,data\phantom_taobao\masks\0067_1753178991712_T_1_mask.png
0068,0068_1753179008970_T_1.png,data\phantom_taobao\images\0068_1753179008970_T_1.png,706911749870,1753179008970,4,70,8/10.0,4,530,557,71.97725912627169,phantom_taobao,1,positive,data\phantom_taobao\masks\0068_1753179008970_T_1_mask.png
0069,0069_1753179018525_T_1.png,data\phantom_taobao\images\0069_1753179018525_T_1.png,716495336710,1753179018525,4,70,8/10.0,4,530,557,71.97725912627169,phantom_taobao,1,positive,data\phantom_taobao\masks\0069_1753179018525_T_1_mask.png
0070,0070_1753179028968_T_1.png,data\phantom_taobao\images\0070_1753179028968_T_1.png,726947491510,1753179028968,4,70,8/10.0,4,530,557,71.97725912627169,phantom_taobao,1,positive,data\phantom_taobao\masks\0070_1753179028968_T_1_mask.png
0071,0071_1753179040081_T_1.png,data\phantom_taobao\images\0071_1753179040081_T_1.png,738070296250,1753179040081,4,70,8/10.0,4,530,557,71.97725912627169,phantom_taobao,1,positive,data\phantom_taobao\masks\0071_1753179040081_T_1_mask.png
0072,0072_1753179069224_T_1.png,data\phantom_taobao\images\0072_1753179069224_T_1.png,767178579440,1753179069224,4,70,8/10.0,4,530,557,71.97725912627169,phantom_taobao,1,positive,data\phantom_taobao\masks\0072_1753179069224_T_1_mask.png
0073,0073_1753179072164_T_1.png,data\phantom_taobao\images\0073_1753179072164_T_1.png,770126894180,1753179072164,4,70,8/10.0,4,530,557,71.97725912627169,phantom_taobao,1,positive,data\phantom_taobao\masks\0073_1753179072164_T_1_mask.png
0074,0074_1753179098969_T_1.png,data\phantom_taobao\images\0074_1753179098969_T_1.png,796895811790,1753179098969,4,70,8/10.0,4,530,557,71.97725912627169,phantom_taobao,1,positive,data\phantom_taobao\masks\0074_1753179098969_T_1_mask.png
0075,0075_1753179105530_T_1.png,data\phantom_taobao\images\0075_1753179105530_T_1.png,803265577150,1753179105530,4,70,8/10.0,4,530,557,71.97725912627169,phantom_taobao,1,positive,data\phantom_taobao\masks\0075_1753179105530_T_1_mask.png
0076,0076_1753179111315_T_1.png,data\phantom_taobao\images\0076_1753179111315_T_1.png,809298140260,1753179111315,4,70,8/10.0,4,530,557,71.97725912627169,phantom_taobao,1,positive,data\phantom_taobao\masks\0076_1753179111315_T_1_mask.png
0077,0077_1753179114443_T_1.png,data\phantom_taobao\images\0077_1753179114443_T_1.png,812381802190,1753179114443,4,70,8/10.0,4,530,557,71.97725912627169,phantom_taobao,1,positive,data\phantom_taobao\masks\0077_1753179114443_T_1_mask.png
0078,0078_1753179118051_T_1.png,data\phantom_taobao\images\0078_1753179118051_T_1.png,816002615740,1753179118051,4,70,8/10.0,4,530,557,71.97725912627169,phantom_taobao,1,positive,data\phantom_taobao\masks\0078_1753179118051_T_1_mask.png
0079,0079_1753179125782_T_1.png,data\phantom_taobao\images\0079_1753179125782_T_1.png,823777242840,1753179125782,4,70,8/10.0,4,530,557,71.97725912627169,phantom_taobao,1,positive,data\phantom_taobao\masks\0079_1753179125782_T_1_mask.png
0080,0080_1753179128060_T_1.png,data\phantom_taobao\images\0080_1753179128060_T_1.png,825990391890,1753179128060,4,70,8/10.0,4,530,557,71.97725912627169,phantom_taobao,1,positive,data\phantom_taobao\masks\0080_1753179128060_T_1_mask.png
0081,0081_1753179145784_T_1.png,data\phantom_taobao\images\0081_1753179145784_T_1.png,843717383200,1753179145784,4,70,8/10.0,4,530,557,71.97725912627169,phantom_taobao,1,positive,data\phantom_taobao\masks\0081_1753179145784_T_1_mask.png
0082,0082_1753179155590_T_1.png,data\phantom_taobao\images\0082_1753179155590_T_1.png,853565941910,1753179155590,4,70,8/10.0,4,530,557,71.97725912627169,phantom_taobao,1,positive,data\phantom_taobao\masks\0082_1753179155590_T_1_mask.png
0085,0085_1753179174534_T_1.png,data\phantom_taobao\images\0085_1753179174534_T_1.png,872465142970,1753179174534,4,70,8/10.0,4,530,557,71.97725912627169,phantom_taobao,1,positive,data\phantom_taobao\masks\0085_1753179174534_T_1_mask.png
0086,0086_1753179226442_T_1.png,data\phantom_taobao\images\0086_1753179226442_T_1.png,924375544510,1753179226442,4,70,8/10.0,4,530,557,71.97725912627169,phantom_taobao,1,positive,data\phantom_taobao\masks\0086_1753179226442_T_1_mask.png
0087,0087_1753179234900_T_1.png,data\phantom_taobao\images\0087_1753179234900_T_1.png,932889422560,1753179234900,4,70,8/10.0,4,530,557,71.97725912627169,phantom_taobao,1,positive,data\phantom_taobao\masks\0087_1753179234900_T_1_mask.png
0088,0088_1753179238187_T_1.png,data\phantom_taobao\images\0088_1753179238187_T_1.png,936172956380,1753179238187,4,70,8/10.0,4,530,557,71.97725912627169,phantom_taobao,1,positive,data\phantom_taobao\masks\0088_1753179238187_T_1_mask.png
0087,0087_1753179394731_T_1.png,data\phantom_taobao\images\0087_1753179394731_T_1.png,1092718438170,1753179394731,4,70,8/10.0,4,530,557,71.97725912627169,phantom_taobao,1,positive,data\phantom_taobao\masks\0087_1753179394731_T_1_mask.png
0088,0088_1753179397169_T_1.png,data\phantom_taobao\images\0088_1753179397169_T_1.png,1095129259390,1753179397169,4,70,8/10.0,4,530,557,71.97725912627169,phantom_taobao,1,positive,data\phantom_taobao\masks\0088_1753179397169_T_1_mask.png
0089,0089_1753179400042_T_1.png,data\phantom_taobao\images\0089_1753179400042_T_1.png,1098009441030,1753179400042,4,70,8/10.0,4,530,557,71.97725912627169,phantom_taobao,1,positive,data\phantom_taobao\masks\0089_1753179400042_T_1_mask.png
0090,0090_1753179414451_T_1.png,data\phantom_taobao\images\0090_1753179414451_T_1.png,1112419990490,1753179414451,4,70,8/10.0,4,530,557,71.97725912627169,phantom_taobao,1,positive,data\phantom_taobao\masks\0090_1753179414451_T_1_mask.png
0091,0091_1753179416847_T_1.png,data\phantom_taobao\images\0091_1753179416847_T_1.png,1114833733400,1753179416847,4,70,8/10.0,4,530,557,71.97725912627169,phantom_taobao,1,positive,data\phantom_taobao\masks\0091_1753179416847_T_1_mask.png
0092,0092_1753179419267_T_1.png,data\phantom_taobao\images\0092_1753179419267_T_1.png,1117247437660,1753179419267,4,70,8/10.0,4,530,557,71.97725912627169,phantom_taobao,1,positive,data\phantom_taobao\masks\0092_1753179419267_T_1_mask.png
0093,0093_1753179434124_T_1.png,data\phantom_taobao\images\0093_1753179434124_T_1.png,1132059277500,1753179434124,4,70,8/10.0,4,530,557,71.97725912627169,phantom_taobao,1,positive,data\phantom_taobao\masks\0093_1753179434124_T_1_mask.png
0094,0094_1753179439006_T_1.png,data\phantom_taobao\images\0094_1753179439006_T_1.png,1136954073280,1753179439006,4,70,8/10.0,4,530,557,71.97725912627169,phantom_taobao,1,positive,data\phantom_taobao\masks\0094_1753179439006_T_1_mask.png
0095,0095_1753179442644_T_1.png,data\phantom_taobao\images\0095_1753179442644_T_1.png,1140640087580,1753179442644,4,70,8/10.0,4,530,557,71.97725912627169,phantom_taobao,1,positive,data\phantom_taobao\masks\0095_1753179442644_T_1_mask.png
0096,0096_1753179445747_T_1.png,data\phantom_taobao\images\0096_1753179445747_T_1.png,1143723850480,1753179445747,4,70,8/10.0,4,530,557,71.97725912627169,phantom_taobao,1,positive,data\phantom_taobao\masks\0096_1753179445747_T_1_mask.png
0097,0097_1753179451810_T_1.png,data\phantom_taobao\images\0097_1753179451810_T_1.png,1149757165980,1753179451810,4,70,8/10.0,4,530,557,71.97725912627169,phantom_taobao,1,positive,data\phantom_taobao\masks\0097_1753179451810_T_1_mask.png
0098,0098_1753179454534_T_1.png,data\phantom_taobao\images\0098_1753179454534_T_1.png,1152506363150,1753179454534,4,70,8/10.0,4,530,557,71.97725912627169,phantom_taobao,1,positive,data\phantom_taobao\masks\0098_1753179454534_T_1_mask.png
0099,0099_1753179457511_T_1.png,data\phantom_taobao\images\0099_1753179457511_T_1.png,1155456369110,1753179457511,4,70,8/10.0,4,530,557,71.97725912627169,phantom_taobao,1,positive,data\phantom_taobao\masks\0099_1753179457511_T_1_mask.png
0100,0100_1753179463656_T_1.png,data\phantom_taobao\images\0100_1753179463656_T_1.png,1161555375380,1753179463656,4,70,8/10.0,4,530,557,71.97725912627169,phantom_taobao,1,pass,
0101,0101_1753179466654_T_1.png,data\phantom_taobao\images\0101_1753179466654_T_1.png,1164635524920,1753179466654,4,70,8/10.0,4,530,557,71.97725912627169,phantom_taobao,1,pass,
0102,0102_1753179471786_T_1.png,data\phantom_taobao\images\0102_1753179471786_T_1.png,1169727141100,1753179471786,4,70,8/10.0,4,530,557,71.97725912627169,phantom_taobao,1,positive,data\phantom_taobao\masks\0102_1753179471786_T_1_mask.png
0103,0103_1753179473965_T_1.png,data\phantom_taobao\images\0103_1753179473965_T_1.png,1171938443230,1753179473965,4,70,8/10.0,4,530,557,71.97725912627169,phantom_taobao,1,positive,data\phantom_taobao\masks\0103_1753179473965_T_1_mask.png
0104,0104_1753476924495_T_1.png,data\phantom_taobao\images\0104_1753476924495_T_1.png,106621799260,1753476924495,4,50,8/10.0,4.0,710,557,53.82166367444645,phantom_taobao,1,negative,data\phantom_taobao\masks\0104_1753476924495_T_1_mask.png
0105,0105_1753476927079_T_1.png,data\phantom_taobao\images\0105_1753476927079_T_1.png,109229529680,1753476927079,4,50,8/10.0,4.0,710,557,53.82166367444645,phantom_taobao,1,negative,data\phantom_taobao\masks\0105_1753476927079_T_1_mask.png
0106,0106_1753476930974_T_1.png,data\phantom_taobao\images\0106_1753476930974_T_1.png,113133502300,1753476930974,4,50,8/10.0,4.0,710,557,53.82166367444645,phantom_taobao,1,negative,data\phantom_taobao\masks\0106_1753476930974_T_1_mask.png
0107,0107_1753476933639_T_1.png,data\phantom_taobao\images\0107_1753476933639_T_1.png,115790393420,1753476933639,4,50,8/10.0,4.0,710,557,53.82166367444645,phantom_taobao,1,negative,data\phantom_taobao\masks\0107_1753476933639_T_1_mask.png
0108,0108_1753476945131_T_1.png,data\phantom_taobao\images\0108_1753476945131_T_1.png,127288463050,1753476945131,4,50,8/10.0,4.0,710,557,53.82166367444645,phantom_taobao,1,negative,data\phantom_taobao\masks\0108_1753476945131_T_1_mask.png
0109,0109_1753476947647_T_1.png,data\phantom_taobao\images\0109_1753476947647_T_1.png,129781699170,1753476947647,4,50,8/10.0,4.0,710,557,53.82166367444645,phantom_taobao,1,negative,data\phantom_taobao\masks\0109_1753476947647_T_1_mask.png
0110,0110_1753476950855_T_1.png,data\phantom_taobao\images\0110_1753476950855_T_1.png,132847997080,1753476950855,4,50,8/10.0,4.0,710,557,53.82166367444645,phantom_taobao,1,negative,data\phantom_taobao\masks\0110_1753476950855_T_1_mask.png
0111,0111_1753476955046_T_1.png,data\phantom_taobao\images\0111_1753476955046_T_1.png,137119186130,1753476955046,4,50,8/10.0,4.0,710,557,53.82166367444645,phantom_taobao,1,negative,data\phantom_taobao\masks\0111_1753476955046_T_1_mask.png
0112,0112_1753476958790_T_1.png,data\phantom_taobao\images\0112_1753476958790_T_1.png,140887693290,1753476958790,4,50,8/10.0,4.0,710,557,53.82166367444645,phantom_taobao,1,negative,data\phantom_taobao\masks\0112_1753476958790_T_1_mask.png
0114,0114_1753476968296_T_1.png,data\phantom_taobao\images\0114_1753476968296_T_1.png,150417282200,1753476968296,4,50,8/10.0,4.0,710,557,53.82166367444645,phantom_taobao,1,negative,data\phantom_taobao\masks\0114_1753476968296_T_1_mask.png
0115,0115_1753476977298_T_1.png,data\phantom_taobao\images\0115_1753476977298_T_1.png,159408052730,1753476977298,4,50,8/10.0,4.0,710,557,53.82166367444645,phantom_taobao,1,negative,data\phantom_taobao\masks\0115_1753476977298_T_1_mask.png
0116,0116_1753476979807_T_1.png,data\phantom_taobao\images\0116_1753476979807_T_1.png,161958652580,1753476979807,4,50,8/10.0,4.0,710,557,53.82166367444645,phantom_taobao,1,negative,data\phantom_taobao\masks\0116_1753476979807_T_1_mask.png
0117,0117_1753476982421_T_1.png,data\phantom_taobao\images\0117_1753476982421_T_1.png,164563792430,1753476982421,4,50,8/10.0,4.0,710,557,53.82166367444645,phantom_taobao,1,negative,data\phantom_taobao\masks\0117_1753476982421_T_1_mask.png
0118,0118_1753476985666_T_1.png,data\phantom_taobao\images\0118_1753476985666_T_1.png,167818085830,1753476985666,4,50,8/10.0,4.0,710,557,53.82166367444645,phantom_taobao,1,negative,data\phantom_taobao\masks\0118_1753476985666_T_1_mask.png
0119,0119_1753476995170_T_1.png,data\phantom_taobao\images\0119_1753476995170_T_1.png,177314093970,1753476995170,4,50,8/10.0,4.0,710,557,53.82166367444645,phantom_taobao,1,negative,data\phantom_taobao\masks\0119_1753476995170_T_1_mask.png
0120,0120_1753477000311_T_1.png,data\phantom_taobao\images\0120_1753477000311_T_1.png,182468043300,1753477000311,4,50,8/10.0,4.0,710,557,53.82166367444645,phantom_taobao,1,negative,data\phantom_taobao\masks\0120_1753477000311_T_1_mask.png
0121,0121_1753477003333_T_1.png,data\phantom_taobao\images\0121_1753477003333_T_1.png,185451544480,1753477003333,4,50,8/10.0,4.0,710,557,53.82166367444645,phantom_taobao,1,negative,data\phantom_taobao\masks\0121_1753477003333_T_1_mask.png
0122,0122_1753477006460_T_1.png,data\phantom_taobao\images\0122_1753477006460_T_1.png,188597523940,1753477006460,4,50,8/10.0,4.0,710,557,53.82166367444645,phantom_taobao,1,negative,data\phantom_taobao\masks\0122_1753477006460_T_1_mask.png
0123,0123_1753477010235_T_1.png,data\phantom_taobao\images\0123_1753477010235_T_1.png,192392230910,1753477010235,4,50,8/10.0,4.0,710,557,53.82166367444645,phantom_taobao,1,negative,data\phantom_taobao\masks\0123_1753477010235_T_1_mask.png
0124,0124_1753477013131_T_1.png,data\phantom_taobao\images\0124_1753477013131_T_1.png,195267106370,1753477013131,4,50,8/10.0,4.0,710,557,53.82166367444645,phantom_taobao,1,negative,data\phantom_taobao\masks\0124_1753477013131_T_1_mask.png
0125,0125_1753477034181_T_1.png,data\phantom_taobao\images\0125_1753477034181_T_1.png,216333536290,1753477034181,4,50,8/10.0,4.0,710,557,53.82166367444645,phantom_taobao,1,negative,data\phantom_taobao\masks\0125_1753477034181_T_1_mask.png
0126,0126_1753477048117_T_1.png,data\phantom_taobao\images\0126_1753477048117_T_1.png,230275705010,1753477048117,4,50,8/10.0,4.0,710,557,53.82166367444645,phantom_taobao,1,negative,data\phantom_taobao\masks\0126_1753477048117_T_1_mask.png
0128,0128_1753477076872_T_1.png,data\phantom_taobao\images\0128_1753477076872_T_1.png,258996188260,1753477076872,4,50,8/10.0,4.0,710,557,53.82166367444645,phantom_taobao,1,negative,data\phantom_taobao\masks\0128_1753477076872_T_1_mask.png
0129,0129_1753477078950_T_1.png,data\phantom_taobao\images\0129_1753477078950_T_1.png,261098259650,1753477078950,4,50,8/10.0,4.0,710,557,53.82166367444645,phantom_taobao,1,negative,data\phantom_taobao\masks\0129_1753477078950_T_1_mask.png
0130,0130_1753477082843_T_1.png,data\phantom_taobao\images\0130_1753477082843_T_1.png,264979893050,1753477082843,4,50,8/10.0,4.0,710,557,53.82166367444645,phantom_taobao,1,negative,data\phantom_taobao\masks\0130_1753477082843_T_1_mask.png
0131,0131_1753477088918_T_1.png,data\phantom_taobao\images\0131_1753477088918_T_1.png,271070610050,1753477088918,4,50,8/10.0,4.0,710,557,53.82166367444645,phantom_taobao,1,negative,data\phantom_taobao\masks\0131_1753477088918_T_1_mask.png
0132,0132_1753477091716_T_1.png,data\phantom_taobao\images\0132_1753477091716_T_1.png,273873860220,1753477091716,4,50,8/10.0,4.0,710,557,53.82166367444645,phantom_taobao,1,negative,data\phantom_taobao\masks\0132_1753477091716_T_1_mask.png
0133,0133_1753477094465_T_1.png,data\phantom_taobao\images\0133_1753477094465_T_1.png,276622976570,1753477094465,4,50,8/10.0,4.0,710,557,53.82166367444645,phantom_taobao,1,negative,data\phantom_taobao\masks\0133_1753477094465_T_1_mask.png
0134,0134_1753477108055_T_1.png,data\phantom_taobao\images\0134_1753477108055_T_1.png,290205609890,1753477108055,4,50,8/10.0,4.0,710,557,53.82166367444645,phantom_taobao,1,negative,data\phantom_taobao\masks\0134_1753477108055_T_1_mask.png
0135,0135_1753477110636_T_1.png,data\phantom_taobao\images\0135_1753477110636_T_1.png,292792783380,1753477110636,4,50,8/10.0,4.0,710,557,53.82166367444645,phantom_taobao,1,negative,data\phantom_taobao\masks\0135_1753477110636_T_1_mask.png
0136,0136_1753477112646_T_1.png,data\phantom_taobao\images\0136_1753477112646_T_1.png,294785813900,1753477112646,4,50,8/10.0,4.0,710,557,53.82166367444645,phantom_taobao,1,negative,data\phantom_taobao\masks\0136_1753477112646_T_1_mask.png
0135,0135_1753477201201_T_1.png,data\phantom_taobao\images\0135_1753477201201_T_1.png,33274642050,1753477201201,4,50,8/10.0,4.0,710,557,53.82166367444645,phantom_taobao,1,negative,data\phantom_taobao\masks\0135_1753477201201_T_1_mask.png
0136,0136_1753477204185_T_1.png,data\phantom_taobao\images\0136_1753477204185_T_1.png,36285593680,1753477204185,4,50,8/10.0,4.0,710,557,53.82166367444645,phantom_taobao,1,negative,data\phantom_taobao\masks\0136_1753477204185_T_1_mask.png
0137,0137_1753477208671_T_1.png,data\phantom_taobao\images\0137_1753477208671_T_1.png,40801213240,1753477208671,4,50,8/10.0,4.0,710,557,53.82166367444645,phantom_taobao,1,negative,data\phantom_taobao\masks\0137_1753477208671_T_1_mask.png
0138,0138_1753477212869_T_1.png,data\phantom_taobao\images\0138_1753477212869_T_1.png,44815167650,1753477212869,4,50,8/10.0,4.0,710,557,53.82166367444645,phantom_taobao,1,negative,data\phantom_taobao\masks\0138_1753477212869_T_1_mask.png
0139,0139_1753477215282_T_1.png,data\phantom_taobao\images\0139_1753477215282_T_1.png,47324009790,1753477215282,4,50,8/10.0,4.0,710,557,53.82166367444645,phantom_taobao,1,negative,data\phantom_taobao\masks\0139_1753477215282_T_1_mask.png
0140,0140_1753477219440_T_1.png,data\phantom_taobao\images\0140_1753477219440_T_1.png,51588745370,1753477219440,4,50,8/10.0,4.0,710,557,53.82166367444645,phantom_taobao,1,negative,data\phantom_taobao\masks\0140_1753477219440_T_1_mask.png
